image,ua,us,g,photonPosNum
p01_g001\p01_g001_0001.T.CW.mat,0.00504,20.45447,0.6,66357
p01_g001\p01_g001_0002.T.CW.mat,0.00504,20.45447,0.6,66195
p01_g001\p01_g001_0003.T.CW.mat,0.00504,20.45447,0.6,66373
p01_g001\p01_g001_0004.T.CW.mat,0.00504,20.45447,0.6,66284
p01_g001\p01_g001_0005.T.CW.mat,0.00504,20.45447,0.6,66151
p01_g001\p01_g001_0006.T.CW.mat,0.00504,20.45447,0.6,66150
p01_g001\p01_g001_0007.T.CW.mat,0.00504,20.45447,0.6,66221
p01_g001\p01_g001_0008.T.CW.mat,0.00504,20.45447,0.6,66415
p01_g001\p01_g001_0009.T.CW.mat,0.00504,20.45447,0.6,66217
p01_g001\p01_g001_0010.T.CW.mat,0.00504,20.45447,0.6,66280
p01_g001\p01_g001_0011.T.CW.mat,0.00504,20.45447,0.6,66446
p01_g001\p01_g001_0012.T.CW.mat,0.00504,20.45447,0.6,66610
p01_g001\p01_g001_0013.T.CW.mat,0.00504,20.45447,0.6,66469
p01_g001\p01_g001_0014.T.CW.mat,0.00504,20.45447,0.6,66588
p01_g001\p01_g001_0015.T.CW.mat,0.00504,20.45447,0.6,66163
p01_g001\p01_g001_0016.T.CW.mat,0.00504,20.45447,0.6,66324
p01_g001\p01_g001_0017.T.CW.mat,0.00504,20.45447,0.6,66231
p01_g001\p01_g001_0018.T.CW.mat,0.00504,20.45447,0.6,66557
p01_g001\p01_g001_0019.T.CW.mat,0.00504,20.45447,0.6,66401
p01_g001\p01_g001_0020.T.CW.mat,0.00504,20.45447,0.6,66194
p01_g001\p01_g001_0021.T.CW.mat,0.00504,20.45447,0.6,66236
p01_g001\p01_g001_0022.T.CW.mat,0.00504,20.45447,0.6,66293
p01_g001\p01_g001_0023.T.CW.mat,0.00504,20.45447,0.6,66430
p01_g001\p01_g001_0024.T.CW.mat,0.00504,20.45447,0.6,66332
p01_g001\p01_g001_0025.T.CW.mat,0.00504,20.45447,0.6,66497
p01_g001\p01_g001_0026.T.CW.mat,0.00504,20.45447,0.6,66465
p01_g001\p01_g001_0027.T.CW.mat,0.00504,20.45447,0.6,66136
p01_g001\p01_g001_0028.T.CW.mat,0.00504,20.45447,0.6,66307
p01_g001\p01_g001_0029.T.CW.mat,0.00504,20.45447,0.6,66324
p01_g001\p01_g001_0030.T.CW.mat,0.00504,20.45447,0.6,66185
p01_g002\p01_g002_0001.T.CW.mat,0.00504,20.45447,0.7,76159
p01_g002\p01_g002_0002.T.CW.mat,0.00504,20.45447,0.7,76120
p01_g002\p01_g002_0003.T.CW.mat,0.00504,20.45447,0.7,75892
p01_g002\p01_g002_0004.T.CW.mat,0.00504,20.45447,0.7,76032
p01_g002\p01_g002_0005.T.CW.mat,0.00504,20.45447,0.7,76533
p01_g002\p01_g002_0006.T.CW.mat,0.00504,20.45447,0.7,76546
p01_g002\p01_g002_0007.T.CW.mat,0.00504,20.45447,0.7,76057
p01_g002\p01_g002_0008.T.CW.mat,0.00504,20.45447,0.7,76412
p01_g002\p01_g002_0009.T.CW.mat,0.00504,20.45447,0.7,76297
p01_g002\p01_g002_0010.T.CW.mat,0.00504,20.45447,0.7,76088
p01_g002\p01_g002_0011.T.CW.mat,0.00504,20.45447,0.7,76093
p01_g002\p01_g002_0012.T.CW.mat,0.00504,20.45447,0.7,76148
p01_g002\p01_g002_0013.T.CW.mat,0.00504,20.45447,0.7,76104
p01_g002\p01_g002_0014.T.CW.mat,0.00504,20.45447,0.7,76029
p01_g002\p01_g002_0015.T.CW.mat,0.00504,20.45447,0.7,76136
p01_g002\p01_g002_0016.T.CW.mat,0.00504,20.45447,0.7,76157
p01_g002\p01_g002_0017.T.CW.mat,0.00504,20.45447,0.7,76317
p01_g002\p01_g002_0018.T.CW.mat,0.00504,20.45447,0.7,76062
p01_g002\p01_g002_0019.T.CW.mat,0.00504,20.45447,0.7,76306
p01_g002\p01_g002_0020.T.CW.mat,0.00504,20.45447,0.7,76185
p01_g002\p01_g002_0021.T.CW.mat,0.00504,20.45447,0.7,76431
p01_g002\p01_g002_0022.T.CW.mat,0.00504,20.45447,0.7,75975
p01_g002\p01_g002_0023.T.CW.mat,0.00504,20.45447,0.7,76107
p01_g002\p01_g002_0024.T.CW.mat,0.00504,20.45447,0.7,76395
p01_g002\p01_g002_0025.T.CW.mat,0.00504,20.45447,0.7,76169
p01_g002\p01_g002_0026.T.CW.mat,0.00504,20.45447,0.7,75922
p01_g002\p01_g002_0027.T.CW.mat,0.00504,20.45447,0.7,76335
p01_g002\p01_g002_0028.T.CW.mat,0.00504,20.45447,0.7,76269
p01_g002\p01_g002_0029.T.CW.mat,0.00504,20.45447,0.7,76005
p01_g002\p01_g002_0030.T.CW.mat,0.00504,20.45447,0.7,76149
p01_g003\p01_g003_0001.T.CW.mat,0.00504,20.45447,0.8,91607
p01_g003\p01_g003_0002.T.CW.mat,0.00504,20.45447,0.8,91678
p01_g003\p01_g003_0003.T.CW.mat,0.00504,20.45447,0.8,91657
p01_g003\p01_g003_0004.T.CW.mat,0.00504,20.45447,0.8,91544
p01_g003\p01_g003_0005.T.CW.mat,0.00504,20.45447,0.8,91623
p01_g003\p01_g003_0006.T.CW.mat,0.00504,20.45447,0.8,91543
p01_g003\p01_g003_0007.T.CW.mat,0.00504,20.45447,0.8,91528
p01_g003\p01_g003_0008.T.CW.mat,0.00504,20.45447,0.8,91312
p01_g003\p01_g003_0009.T.CW.mat,0.00504,20.45447,0.8,91563
p01_g003\p01_g003_0010.T.CW.mat,0.00504,20.45447,0.8,91414
p01_g003\p01_g003_0011.T.CW.mat,0.00504,20.45447,0.8,91447
p01_g003\p01_g003_0012.T.CW.mat,0.00504,20.45447,0.8,91618
p01_g003\p01_g003_0013.T.CW.mat,0.00504,20.45447,0.8,91437
p01_g003\p01_g003_0014.T.CW.mat,0.00504,20.45447,0.8,91597
p01_g003\p01_g003_0015.T.CW.mat,0.00504,20.45447,0.8,91508
p01_g003\p01_g003_0016.T.CW.mat,0.00504,20.45447,0.8,91637
p01_g003\p01_g003_0017.T.CW.mat,0.00504,20.45447,0.8,91462
p01_g003\p01_g003_0018.T.CW.mat,0.00504,20.45447,0.8,91800
p01_g003\p01_g003_0019.T.CW.mat,0.00504,20.45447,0.8,91647
p01_g003\p01_g003_0020.T.CW.mat,0.00504,20.45447,0.8,91346
p01_g003\p01_g003_0021.T.CW.mat,0.00504,20.45447,0.8,91745
p01_g003\p01_g003_0022.T.CW.mat,0.00504,20.45447,0.8,91528
p01_g003\p01_g003_0023.T.CW.mat,0.00504,20.45447,0.8,91756
p01_g003\p01_g003_0024.T.CW.mat,0.00504,20.45447,0.8,91757
p01_g003\p01_g003_0025.T.CW.mat,0.00504,20.45447,0.8,91909
p01_g003\p01_g003_0026.T.CW.mat,0.00504,20.45447,0.8,91647
p01_g003\p01_g003_0027.T.CW.mat,0.00504,20.45447,0.8,91903
p01_g003\p01_g003_0028.T.CW.mat,0.00504,20.45447,0.8,91585
p01_g003\p01_g003_0029.T.CW.mat,0.00504,20.45447,0.8,92010
p01_g003\p01_g003_0030.T.CW.mat,0.00504,20.45447,0.8,91715
p01_g004\p01_g004_0001.T.CW.mat,0.00504,20.45447,0.9,116660
p01_g004\p01_g004_0002.T.CW.mat,0.00504,20.45447,0.9,116870
p01_g004\p01_g004_0003.T.CW.mat,0.00504,20.45447,0.9,116840
p01_g004\p01_g004_0004.T.CW.mat,0.00504,20.45447,0.9,116598
p01_g004\p01_g004_0005.T.CW.mat,0.00504,20.45447,0.9,117065
p01_g004\p01_g004_0006.T.CW.mat,0.00504,20.45447,0.9,116967
p01_g004\p01_g004_0007.T.CW.mat,0.00504,20.45447,0.9,117135
p01_g004\p01_g004_0008.T.CW.mat,0.00504,20.45447,0.9,117050
p01_g004\p01_g004_0009.T.CW.mat,0.00504,20.45447,0.9,117145
p01_g004\p01_g004_0010.T.CW.mat,0.00504,20.45447,0.9,117077
p01_g004\p01_g004_0011.T.CW.mat,0.00504,20.45447,0.9,116799
p01_g004\p01_g004_0012.T.CW.mat,0.00504,20.45447,0.9,117314
p01_g004\p01_g004_0013.T.CW.mat,0.00504,20.45447,0.9,117044
p01_g004\p01_g004_0014.T.CW.mat,0.00504,20.45447,0.9,116983
p01_g004\p01_g004_0015.T.CW.mat,0.00504,20.45447,0.9,116666
p01_g004\p01_g004_0016.T.CW.mat,0.00504,20.45447,0.9,116924
p01_g004\p01_g004_0017.T.CW.mat,0.00504,20.45447,0.9,116990
p01_g004\p01_g004_0018.T.CW.mat,0.00504,20.45447,0.9,116529
p01_g004\p01_g004_0019.T.CW.mat,0.00504,20.45447,0.9,116561
p01_g004\p01_g004_0020.T.CW.mat,0.00504,20.45447,0.9,116811
p01_g004\p01_g004_0021.T.CW.mat,0.00504,20.45447,0.9,116856
p01_g004\p01_g004_0022.T.CW.mat,0.00504,20.45447,0.9,116694
p01_g004\p01_g004_0023.T.CW.mat,0.00504,20.45447,0.9,116803
p01_g004\p01_g004_0024.T.CW.mat,0.00504,20.45447,0.9,116769
p01_g004\p01_g004_0025.T.CW.mat,0.00504,20.45447,0.9,116873
p01_g004\p01_g004_0026.T.CW.mat,0.00504,20.45447,0.9,117278
p01_g004\p01_g004_0027.T.CW.mat,0.00504,20.45447,0.9,116890
p01_g004\p01_g004_0028.T.CW.mat,0.00504,20.45447,0.9,117105
p01_g004\p01_g004_0029.T.CW.mat,0.00504,20.45447,0.9,116890
p01_g004\p01_g004_0030.T.CW.mat,0.00504,20.45447,0.9,116746
p02_g001\p02_g001_0001.T.CW.mat,0.07859,6.7104,0.6,105694
p02_g001\p02_g001_0002.T.CW.mat,0.07859,6.7104,0.6,105779
p02_g001\p02_g001_0003.T.CW.mat,0.07859,6.7104,0.6,105603
p02_g001\p02_g001_0004.T.CW.mat,0.07859,6.7104,0.6,105675
p02_g001\p02_g001_0005.T.CW.mat,0.07859,6.7104,0.6,105909
p02_g001\p02_g001_0006.T.CW.mat,0.07859,6.7104,0.6,105538
p02_g001\p02_g001_0007.T.CW.mat,0.07859,6.7104,0.6,105858
p02_g001\p02_g001_0008.T.CW.mat,0.07859,6.7104,0.6,105856
p02_g001\p02_g001_0009.T.CW.mat,0.07859,6.7104,0.6,105534
p02_g001\p02_g001_0010.T.CW.mat,0.07859,6.7104,0.6,105871
p02_g001\p02_g001_0011.T.CW.mat,0.07859,6.7104,0.6,105486
p02_g001\p02_g001_0012.T.CW.mat,0.07859,6.7104,0.6,105935
p02_g001\p02_g001_0013.T.CW.mat,0.07859,6.7104,0.6,105771
p02_g001\p02_g001_0014.T.CW.mat,0.07859,6.7104,0.6,105711
p02_g001\p02_g001_0015.T.CW.mat,0.07859,6.7104,0.6,105914
p02_g001\p02_g001_0016.T.CW.mat,0.07859,6.7104,0.6,105752
p02_g001\p02_g001_0017.T.CW.mat,0.07859,6.7104,0.6,105705
p02_g001\p02_g001_0018.T.CW.mat,0.07859,6.7104,0.6,105829
p02_g001\p02_g001_0019.T.CW.mat,0.07859,6.7104,0.6,105482
p02_g001\p02_g001_0020.T.CW.mat,0.07859,6.7104,0.6,105798
p02_g001\p02_g001_0021.T.CW.mat,0.07859,6.7104,0.6,105602
p02_g001\p02_g001_0022.T.CW.mat,0.07859,6.7104,0.6,105773
p02_g001\p02_g001_0023.T.CW.mat,0.07859,6.7104,0.6,105854
p02_g001\p02_g001_0024.T.CW.mat,0.07859,6.7104,0.6,105601
p02_g001\p02_g001_0025.T.CW.mat,0.07859,6.7104,0.6,105549
p02_g001\p02_g001_0026.T.CW.mat,0.07859,6.7104,0.6,105590
p02_g001\p02_g001_0027.T.CW.mat,0.07859,6.7104,0.6,105514
p02_g001\p02_g001_0028.T.CW.mat,0.07859,6.7104,0.6,105797
p02_g001\p02_g001_0029.T.CW.mat,0.07859,6.7104,0.6,105723
p02_g001\p02_g001_0030.T.CW.mat,0.07859,6.7104,0.6,105493
p02_g002\p02_g002_0001.T.CW.mat,0.07859,6.7104,0.7,115731
p02_g002\p02_g002_0002.T.CW.mat,0.07859,6.7104,0.7,115533
p02_g002\p02_g002_0003.T.CW.mat,0.07859,6.7104,0.7,115467
p02_g002\p02_g002_0004.T.CW.mat,0.07859,6.7104,0.7,115891
p02_g002\p02_g002_0005.T.CW.mat,0.07859,6.7104,0.7,115672
p02_g002\p02_g002_0006.T.CW.mat,0.07859,6.7104,0.7,115698
p02_g002\p02_g002_0007.T.CW.mat,0.07859,6.7104,0.7,115398
p02_g002\p02_g002_0008.T.CW.mat,0.07859,6.7104,0.7,116102
p02_g002\p02_g002_0009.T.CW.mat,0.07859,6.7104,0.7,115646
p02_g002\p02_g002_0010.T.CW.mat,0.07859,6.7104,0.7,115279
p02_g002\p02_g002_0011.T.CW.mat,0.07859,6.7104,0.7,115256
p02_g002\p02_g002_0012.T.CW.mat,0.07859,6.7104,0.7,115351
p02_g002\p02_g002_0013.T.CW.mat,0.07859,6.7104,0.7,115384
p02_g002\p02_g002_0014.T.CW.mat,0.07859,6.7104,0.7,115503
p02_g002\p02_g002_0015.T.CW.mat,0.07859,6.7104,0.7,115739
p02_g002\p02_g002_0016.T.CW.mat,0.07859,6.7104,0.7,115793
p02_g002\p02_g002_0017.T.CW.mat,0.07859,6.7104,0.7,115500
p02_g002\p02_g002_0018.T.CW.mat,0.07859,6.7104,0.7,115229
p02_g002\p02_g002_0019.T.CW.mat,0.07859,6.7104,0.7,115529
p02_g002\p02_g002_0020.T.CW.mat,0.07859,6.7104,0.7,115404
p02_g002\p02_g002_0021.T.CW.mat,0.07859,6.7104,0.7,115654
p02_g002\p02_g002_0022.T.CW.mat,0.07859,6.7104,0.7,115544
p02_g002\p02_g002_0023.T.CW.mat,0.07859,6.7104,0.7,115598
p02_g002\p02_g002_0024.T.CW.mat,0.07859,6.7104,0.7,115355
p02_g002\p02_g002_0025.T.CW.mat,0.07859,6.7104,0.7,115551
p02_g002\p02_g002_0026.T.CW.mat,0.07859,6.7104,0.7,115443
p02_g002\p02_g002_0027.T.CW.mat,0.07859,6.7104,0.7,115383
p02_g002\p02_g002_0028.T.CW.mat,0.07859,6.7104,0.7,115599
p02_g002\p02_g002_0029.T.CW.mat,0.07859,6.7104,0.7,115327
p02_g002\p02_g002_0030.T.CW.mat,0.07859,6.7104,0.7,115693
p02_g003\p02_g003_0001.T.CW.mat,0.07859,6.7104,0.8,124051
p02_g003\p02_g003_0002.T.CW.mat,0.07859,6.7104,0.8,123866
p02_g003\p02_g003_0003.T.CW.mat,0.07859,6.7104,0.8,123670
p02_g003\p02_g003_0004.T.CW.mat,0.07859,6.7104,0.8,123779
p02_g003\p02_g003_0005.T.CW.mat,0.07859,6.7104,0.8,123612
p02_g003\p02_g003_0006.T.CW.mat,0.07859,6.7104,0.8,123862
p02_g003\p02_g003_0007.T.CW.mat,0.07859,6.7104,0.8,124043
p02_g003\p02_g003_0008.T.CW.mat,0.07859,6.7104,0.8,123689
p02_g003\p02_g003_0009.T.CW.mat,0.07859,6.7104,0.8,123711
p02_g003\p02_g003_0010.T.CW.mat,0.07859,6.7104,0.8,123614
p02_g003\p02_g003_0011.T.CW.mat,0.07859,6.7104,0.8,123557
p02_g003\p02_g003_0012.T.CW.mat,0.07859,6.7104,0.8,123572
p02_g003\p02_g003_0013.T.CW.mat,0.07859,6.7104,0.8,123774
p02_g003\p02_g003_0014.T.CW.mat,0.07859,6.7104,0.8,123674
p02_g003\p02_g003_0015.T.CW.mat,0.07859,6.7104,0.8,123695
p02_g003\p02_g003_0016.T.CW.mat,0.07859,6.7104,0.8,123901
p02_g003\p02_g003_0017.T.CW.mat,0.07859,6.7104,0.8,123729
p02_g003\p02_g003_0018.T.CW.mat,0.07859,6.7104,0.8,123613
p02_g003\p02_g003_0019.T.CW.mat,0.07859,6.7104,0.8,124045
p02_g003\p02_g003_0020.T.CW.mat,0.07859,6.7104,0.8,123560
p02_g003\p02_g003_0021.T.CW.mat,0.07859,6.7104,0.8,123710
p02_g003\p02_g003_0022.T.CW.mat,0.07859,6.7104,0.8,123652
p02_g003\p02_g003_0023.T.CW.mat,0.07859,6.7104,0.8,123885
p02_g003\p02_g003_0024.T.CW.mat,0.07859,6.7104,0.8,123763
p02_g003\p02_g003_0025.T.CW.mat,0.07859,6.7104,0.8,123760
p02_g003\p02_g003_0026.T.CW.mat,0.07859,6.7104,0.8,123599
p02_g003\p02_g003_0027.T.CW.mat,0.07859,6.7104,0.8,123687
p02_g003\p02_g003_0028.T.CW.mat,0.07859,6.7104,0.8,123769
p02_g003\p02_g003_0029.T.CW.mat,0.07859,6.7104,0.8,124188
p02_g003\p02_g003_0030.T.CW.mat,0.07859,6.7104,0.8,123997
p02_g004\p02_g004_0001.T.CW.mat,0.07859,6.7104,0.9,109839
p02_g004\p02_g004_0002.T.CW.mat,0.07859,6.7104,0.9,109705
p02_g004\p02_g004_0003.T.CW.mat,0.07859,6.7104,0.9,109783
p02_g004\p02_g004_0004.T.CW.mat,0.07859,6.7104,0.9,110237
p02_g004\p02_g004_0005.T.CW.mat,0.07859,6.7104,0.9,110230
p02_g004\p02_g004_0006.T.CW.mat,0.07859,6.7104,0.9,109754
p02_g004\p02_g004_0007.T.CW.mat,0.07859,6.7104,0.9,110065
p02_g004\p02_g004_0008.T.CW.mat,0.07859,6.7104,0.9,110002
p02_g004\p02_g004_0009.T.CW.mat,0.07859,6.7104,0.9,109453
p02_g004\p02_g004_0010.T.CW.mat,0.07859,6.7104,0.9,109735
p02_g004\p02_g004_0011.T.CW.mat,0.07859,6.7104,0.9,110083
p02_g004\p02_g004_0012.T.CW.mat,0.07859,6.7104,0.9,110394
p02_g004\p02_g004_0013.T.CW.mat,0.07859,6.7104,0.9,109737
p02_g004\p02_g004_0014.T.CW.mat,0.07859,6.7104,0.9,109845
p02_g004\p02_g004_0015.T.CW.mat,0.07859,6.7104,0.9,110180
p02_g004\p02_g004_0016.T.CW.mat,0.07859,6.7104,0.9,110136
p02_g004\p02_g004_0017.T.CW.mat,0.07859,6.7104,0.9,110148
p02_g004\p02_g004_0018.T.CW.mat,0.07859,6.7104,0.9,110068
p02_g004\p02_g004_0019.T.CW.mat,0.07859,6.7104,0.9,109777
p02_g004\p02_g004_0020.T.CW.mat,0.07859,6.7104,0.9,110285
p02_g004\p02_g004_0021.T.CW.mat,0.07859,6.7104,0.9,110190
p02_g004\p02_g004_0022.T.CW.mat,0.07859,6.7104,0.9,109750
p02_g004\p02_g004_0023.T.CW.mat,0.07859,6.7104,0.9,109958
p02_g004\p02_g004_0024.T.CW.mat,0.07859,6.7104,0.9,110179
p02_g004\p02_g004_0025.T.CW.mat,0.07859,6.7104,0.9,110037
p02_g004\p02_g004_0026.T.CW.mat,0.07859,6.7104,0.9,110035
p02_g004\p02_g004_0027.T.CW.mat,0.07859,6.7104,0.9,109941
p02_g004\p02_g004_0028.T.CW.mat,0.07859,6.7104,0.9,110376
p02_g004\p02_g004_0029.T.CW.mat,0.07859,6.7104,0.9,110159
p02_g004\p02_g004_0030.T.CW.mat,0.07859,6.7104,0.9,110007
p03_g001\p03_g001_0001.T.CW.mat,0.01504,18.49734,0.6,69395
p03_g001\p03_g001_0002.T.CW.mat,0.01504,18.49734,0.6,69434
p03_g001\p03_g001_0003.T.CW.mat,0.01504,18.49734,0.6,69488
p03_g001\p03_g001_0004.T.CW.mat,0.01504,18.49734,0.6,69827
p03_g001\p03_g001_0005.T.CW.mat,0.01504,18.49734,0.6,69615
p03_g001\p03_g001_0006.T.CW.mat,0.01504,18.49734,0.6,69600
p03_g001\p03_g001_0007.T.CW.mat,0.01504,18.49734,0.6,69593
p03_g001\p03_g001_0008.T.CW.mat,0.01504,18.49734,0.6,69533
p03_g001\p03_g001_0009.T.CW.mat,0.01504,18.49734,0.6,69417
p03_g001\p03_g001_0010.T.CW.mat,0.01504,18.49734,0.6,69715
p03_g001\p03_g001_0011.T.CW.mat,0.01504,18.49734,0.6,69654
p03_g001\p03_g001_0012.T.CW.mat,0.01504,18.49734,0.6,69822
p03_g001\p03_g001_0013.T.CW.mat,0.01504,18.49734,0.6,69592
p03_g001\p03_g001_0014.T.CW.mat,0.01504,18.49734,0.6,69566
p03_g001\p03_g001_0015.T.CW.mat,0.01504,18.49734,0.6,69577
p03_g001\p03_g001_0016.T.CW.mat,0.01504,18.49734,0.6,69494
p03_g001\p03_g001_0017.T.CW.mat,0.01504,18.49734,0.6,69441
p03_g001\p03_g001_0018.T.CW.mat,0.01504,18.49734,0.6,69616
p03_g001\p03_g001_0019.T.CW.mat,0.01504,18.49734,0.6,69733
p03_g001\p03_g001_0020.T.CW.mat,0.01504,18.49734,0.6,69763
p03_g001\p03_g001_0021.T.CW.mat,0.01504,18.49734,0.6,69299
p03_g001\p03_g001_0022.T.CW.mat,0.01504,18.49734,0.6,69690
p03_g001\p03_g001_0023.T.CW.mat,0.01504,18.49734,0.6,69240
p03_g001\p03_g001_0024.T.CW.mat,0.01504,18.49734,0.6,69503
p03_g001\p03_g001_0025.T.CW.mat,0.01504,18.49734,0.6,69365
p03_g001\p03_g001_0026.T.CW.mat,0.01504,18.49734,0.6,69557
p03_g001\p03_g001_0027.T.CW.mat,0.01504,18.49734,0.6,69603
p03_g001\p03_g001_0028.T.CW.mat,0.01504,18.49734,0.6,69511
p03_g001\p03_g001_0029.T.CW.mat,0.01504,18.49734,0.6,69241
p03_g001\p03_g001_0030.T.CW.mat,0.01504,18.49734,0.6,69485
p03_g002\p03_g002_0001.T.CW.mat,0.01504,18.49734,0.7,79979
p03_g002\p03_g002_0002.T.CW.mat,0.01504,18.49734,0.7,79717
p03_g002\p03_g002_0003.T.CW.mat,0.01504,18.49734,0.7,79706
p03_g002\p03_g002_0004.T.CW.mat,0.01504,18.49734,0.7,79657
p03_g002\p03_g002_0005.T.CW.mat,0.01504,18.49734,0.7,79673
p03_g002\p03_g002_0006.T.CW.mat,0.01504,18.49734,0.7,79606
p03_g002\p03_g002_0007.T.CW.mat,0.01504,18.49734,0.7,79718
p03_g002\p03_g002_0008.T.CW.mat,0.01504,18.49734,0.7,79782
p03_g002\p03_g002_0009.T.CW.mat,0.01504,18.49734,0.7,79478
p03_g002\p03_g002_0010.T.CW.mat,0.01504,18.49734,0.7,79839
p03_g002\p03_g002_0011.T.CW.mat,0.01504,18.49734,0.7,79883
p03_g002\p03_g002_0012.T.CW.mat,0.01504,18.49734,0.7,79707
p03_g002\p03_g002_0013.T.CW.mat,0.01504,18.49734,0.7,79611
p03_g002\p03_g002_0014.T.CW.mat,0.01504,18.49734,0.7,79369
p03_g002\p03_g002_0015.T.CW.mat,0.01504,18.49734,0.7,80014
p03_g002\p03_g002_0016.T.CW.mat,0.01504,18.49734,0.7,79828
p03_g002\p03_g002_0017.T.CW.mat,0.01504,18.49734,0.7,79895
p03_g002\p03_g002_0018.T.CW.mat,0.01504,18.49734,0.7,79680
p03_g002\p03_g002_0019.T.CW.mat,0.01504,18.49734,0.7,79775
p03_g002\p03_g002_0020.T.CW.mat,0.01504,18.49734,0.7,79606
p03_g002\p03_g002_0021.T.CW.mat,0.01504,18.49734,0.7,79810
p03_g002\p03_g002_0022.T.CW.mat,0.01504,18.49734,0.7,79826
p03_g002\p03_g002_0023.T.CW.mat,0.01504,18.49734,0.7,79886
p03_g002\p03_g002_0024.T.CW.mat,0.01504,18.49734,0.7,79803
p03_g002\p03_g002_0025.T.CW.mat,0.01504,18.49734,0.7,79746
p03_g002\p03_g002_0026.T.CW.mat,0.01504,18.49734,0.7,79600
p03_g002\p03_g002_0027.T.CW.mat,0.01504,18.49734,0.7,79849
p03_g002\p03_g002_0028.T.CW.mat,0.01504,18.49734,0.7,79569
p03_g002\p03_g002_0029.T.CW.mat,0.01504,18.49734,0.7,79599
p03_g002\p03_g002_0030.T.CW.mat,0.01504,18.49734,0.7,79825
p03_g003\p03_g003_0001.T.CW.mat,0.01504,18.49734,0.8,95451
p03_g003\p03_g003_0002.T.CW.mat,0.01504,18.49734,0.8,95388
p03_g003\p03_g003_0003.T.CW.mat,0.01504,18.49734,0.8,95411
p03_g003\p03_g003_0004.T.CW.mat,0.01504,18.49734,0.8,95535
p03_g003\p03_g003_0005.T.CW.mat,0.01504,18.49734,0.8,95378
p03_g003\p03_g003_0006.T.CW.mat,0.01504,18.49734,0.8,95288
p03_g003\p03_g003_0007.T.CW.mat,0.01504,18.49734,0.8,95629
p03_g003\p03_g003_0008.T.CW.mat,0.01504,18.49734,0.8,95392
p03_g003\p03_g003_0009.T.CW.mat,0.01504,18.49734,0.8,95207
p03_g003\p03_g003_0010.T.CW.mat,0.01504,18.49734,0.8,95289
p03_g003\p03_g003_0011.T.CW.mat,0.01504,18.49734,0.8,95399
p03_g003\p03_g003_0012.T.CW.mat,0.01504,18.49734,0.8,95135
p03_g003\p03_g003_0013.T.CW.mat,0.01504,18.49734,0.8,95316
p03_g003\p03_g003_0014.T.CW.mat,0.01504,18.49734,0.8,95398
p03_g003\p03_g003_0015.T.CW.mat,0.01504,18.49734,0.8,95041
p03_g003\p03_g003_0016.T.CW.mat,0.01504,18.49734,0.8,95388
p03_g003\p03_g003_0017.T.CW.mat,0.01504,18.49734,0.8,95632
p03_g003\p03_g003_0018.T.CW.mat,0.01504,18.49734,0.8,95304
p03_g003\p03_g003_0019.T.CW.mat,0.01504,18.49734,0.8,95532
p03_g003\p03_g003_0020.T.CW.mat,0.01504,18.49734,0.8,95305
p03_g003\p03_g003_0021.T.CW.mat,0.01504,18.49734,0.8,95603
p03_g003\p03_g003_0022.T.CW.mat,0.01504,18.49734,0.8,95541
p03_g003\p03_g003_0023.T.CW.mat,0.01504,18.49734,0.8,95189
p03_g003\p03_g003_0024.T.CW.mat,0.01504,18.49734,0.8,95410
p03_g003\p03_g003_0025.T.CW.mat,0.01504,18.49734,0.8,95324
p03_g003\p03_g003_0026.T.CW.mat,0.01504,18.49734,0.8,95688
p03_g003\p03_g003_0027.T.CW.mat,0.01504,18.49734,0.8,95499
p03_g003\p03_g003_0028.T.CW.mat,0.01504,18.49734,0.8,95413
p03_g003\p03_g003_0029.T.CW.mat,0.01504,18.49734,0.8,95097
p03_g003\p03_g003_0030.T.CW.mat,0.01504,18.49734,0.8,95015
p03_g004\p03_g004_0001.T.CW.mat,0.01504,18.49734,0.9,119185
p03_g004\p03_g004_0002.T.CW.mat,0.01504,18.49734,0.9,119395
p03_g004\p03_g004_0003.T.CW.mat,0.01504,18.49734,0.9,119639
p03_g004\p03_g004_0004.T.CW.mat,0.01504,18.49734,0.9,119465
p03_g004\p03_g004_0005.T.CW.mat,0.01504,18.49734,0.9,119428
p03_g004\p03_g004_0006.T.CW.mat,0.01504,18.49734,0.9,119719
p03_g004\p03_g004_0007.T.CW.mat,0.01504,18.49734,0.9,119493
p03_g004\p03_g004_0008.T.CW.mat,0.01504,18.49734,0.9,119441
p03_g004\p03_g004_0009.T.CW.mat,0.01504,18.49734,0.9,119408
p03_g004\p03_g004_0010.T.CW.mat,0.01504,18.49734,0.9,119575
p03_g004\p03_g004_0011.T.CW.mat,0.01504,18.49734,0.9,119729
p03_g004\p03_g004_0012.T.CW.mat,0.01504,18.49734,0.9,119456
p03_g004\p03_g004_0013.T.CW.mat,0.01504,18.49734,0.9,119299
p03_g004\p03_g004_0014.T.CW.mat,0.01504,18.49734,0.9,119801
p03_g004\p03_g004_0015.T.CW.mat,0.01504,18.49734,0.9,119660
p03_g004\p03_g004_0016.T.CW.mat,0.01504,18.49734,0.9,119287
p03_g004\p03_g004_0017.T.CW.mat,0.01504,18.49734,0.9,119575
p03_g004\p03_g004_0018.T.CW.mat,0.01504,18.49734,0.9,119888
p03_g004\p03_g004_0019.T.CW.mat,0.01504,18.49734,0.9,119492
p03_g004\p03_g004_0020.T.CW.mat,0.01504,18.49734,0.9,119972
p03_g004\p03_g004_0021.T.CW.mat,0.01504,18.49734,0.9,119866
p03_g004\p03_g004_0022.T.CW.mat,0.01504,18.49734,0.9,119046
p03_g004\p03_g004_0023.T.CW.mat,0.01504,18.49734,0.9,119438
p03_g004\p03_g004_0024.T.CW.mat,0.01504,18.49734,0.9,119362
p03_g004\p03_g004_0025.T.CW.mat,0.01504,18.49734,0.9,119839
p03_g004\p03_g004_0026.T.CW.mat,0.01504,18.49734,0.9,119409
p03_g004\p03_g004_0027.T.CW.mat,0.01504,18.49734,0.9,119570
p03_g004\p03_g004_0028.T.CW.mat,0.01504,18.49734,0.9,119489
p03_g004\p03_g004_0029.T.CW.mat,0.01504,18.49734,0.9,119105
p03_g004\p03_g004_0030.T.CW.mat,0.01504,18.49734,0.9,119621
p04_g001\p04_g001_0001.T.CW.mat,0.47078,6.9999,0.6,85781
p04_g001\p04_g001_0002.T.CW.mat,0.47078,6.9999,0.6,85987
p04_g001\p04_g001_0003.T.CW.mat,0.47078,6.9999,0.6,85604
p04_g001\p04_g001_0004.T.CW.mat,0.47078,6.9999,0.6,85770
p04_g001\p04_g001_0005.T.CW.mat,0.47078,6.9999,0.6,85772
p04_g001\p04_g001_0006.T.CW.mat,0.47078,6.9999,0.6,85927
p04_g001\p04_g001_0007.T.CW.mat,0.47078,6.9999,0.6,85914
p04_g001\p04_g001_0008.T.CW.mat,0.47078,6.9999,0.6,85932
p04_g001\p04_g001_0009.T.CW.mat,0.47078,6.9999,0.6,85656
p04_g001\p04_g001_0010.T.CW.mat,0.47078,6.9999,0.6,85977
p04_g001\p04_g001_0011.T.CW.mat,0.47078,6.9999,0.6,85884
p04_g001\p04_g001_0012.T.CW.mat,0.47078,6.9999,0.6,85866
p04_g001\p04_g001_0013.T.CW.mat,0.47078,6.9999,0.6,86069
p04_g001\p04_g001_0014.T.CW.mat,0.47078,6.9999,0.6,85830
p04_g001\p04_g001_0015.T.CW.mat,0.47078,6.9999,0.6,85784
p04_g001\p04_g001_0016.T.CW.mat,0.47078,6.9999,0.6,85776
p04_g001\p04_g001_0017.T.CW.mat,0.47078,6.9999,0.6,85966
p04_g001\p04_g001_0018.T.CW.mat,0.47078,6.9999,0.6,85846
p04_g001\p04_g001_0019.T.CW.mat,0.47078,6.9999,0.6,85712
p04_g001\p04_g001_0020.T.CW.mat,0.47078,6.9999,0.6,85993
p04_g001\p04_g001_0021.T.CW.mat,0.47078,6.9999,0.6,85853
p04_g001\p04_g001_0022.T.CW.mat,0.47078,6.9999,0.6,85828
p04_g001\p04_g001_0023.T.CW.mat,0.47078,6.9999,0.6,86031
p04_g001\p04_g001_0024.T.CW.mat,0.47078,6.9999,0.6,85703
p04_g001\p04_g001_0025.T.CW.mat,0.47078,6.9999,0.6,86135
p04_g001\p04_g001_0026.T.CW.mat,0.47078,6.9999,0.6,85737
p04_g001\p04_g001_0027.T.CW.mat,0.47078,6.9999,0.6,85685
p04_g001\p04_g001_0028.T.CW.mat,0.47078,6.9999,0.6,85950
p04_g001\p04_g001_0029.T.CW.mat,0.47078,6.9999,0.6,85815
p04_g001\p04_g001_0030.T.CW.mat,0.47078,6.9999,0.6,86023
p04_g002\p04_g002_0001.T.CW.mat,0.47078,6.9999,0.7,98746
p04_g002\p04_g002_0002.T.CW.mat,0.47078,6.9999,0.7,98469
p04_g002\p04_g002_0003.T.CW.mat,0.47078,6.9999,0.7,98851
p04_g002\p04_g002_0004.T.CW.mat,0.47078,6.9999,0.7,98812
p04_g002\p04_g002_0005.T.CW.mat,0.47078,6.9999,0.7,98724
p04_g002\p04_g002_0006.T.CW.mat,0.47078,6.9999,0.7,98874
p04_g002\p04_g002_0007.T.CW.mat,0.47078,6.9999,0.7,98657
p04_g002\p04_g002_0008.T.CW.mat,0.47078,6.9999,0.7,98762
p04_g002\p04_g002_0009.T.CW.mat,0.47078,6.9999,0.7,98788
p04_g002\p04_g002_0010.T.CW.mat,0.47078,6.9999,0.7,98846
p04_g002\p04_g002_0011.T.CW.mat,0.47078,6.9999,0.7,98883
p04_g002\p04_g002_0012.T.CW.mat,0.47078,6.9999,0.7,98851
p04_g002\p04_g002_0013.T.CW.mat,0.47078,6.9999,0.7,98723
p04_g002\p04_g002_0014.T.CW.mat,0.47078,6.9999,0.7,98737
p04_g002\p04_g002_0015.T.CW.mat,0.47078,6.9999,0.7,98528
p04_g002\p04_g002_0016.T.CW.mat,0.47078,6.9999,0.7,98288
p04_g002\p04_g002_0017.T.CW.mat,0.47078,6.9999,0.7,99116
p04_g002\p04_g002_0018.T.CW.mat,0.47078,6.9999,0.7,98750
p04_g002\p04_g002_0019.T.CW.mat,0.47078,6.9999,0.7,98925
p04_g002\p04_g002_0020.T.CW.mat,0.47078,6.9999,0.7,98509
p04_g002\p04_g002_0021.T.CW.mat,0.47078,6.9999,0.7,98563
p04_g002\p04_g002_0022.T.CW.mat,0.47078,6.9999,0.7,98877
p04_g002\p04_g002_0023.T.CW.mat,0.47078,6.9999,0.7,98697
p04_g002\p04_g002_0024.T.CW.mat,0.47078,6.9999,0.7,99104
p04_g002\p04_g002_0025.T.CW.mat,0.47078,6.9999,0.7,98513
p04_g002\p04_g002_0026.T.CW.mat,0.47078,6.9999,0.7,98981
p04_g002\p04_g002_0027.T.CW.mat,0.47078,6.9999,0.7,98677
p04_g002\p04_g002_0028.T.CW.mat,0.47078,6.9999,0.7,98424
p04_g002\p04_g002_0029.T.CW.mat,0.47078,6.9999,0.7,98697
p04_g002\p04_g002_0030.T.CW.mat,0.47078,6.9999,0.7,98887
p04_g003\p04_g003_0001.T.CW.mat,0.47078,6.9999,0.8,112091
p04_g003\p04_g003_0002.T.CW.mat,0.47078,6.9999,0.8,112194
p04_g003\p04_g003_0003.T.CW.mat,0.47078,6.9999,0.8,112039
p04_g003\p04_g003_0004.T.CW.mat,0.47078,6.9999,0.8,112320
p04_g003\p04_g003_0005.T.CW.mat,0.47078,6.9999,0.8,111731
p04_g003\p04_g003_0006.T.CW.mat,0.47078,6.9999,0.8,112099
p04_g003\p04_g003_0007.T.CW.mat,0.47078,6.9999,0.8,111979
p04_g003\p04_g003_0008.T.CW.mat,0.47078,6.9999,0.8,112005
p04_g003\p04_g003_0009.T.CW.mat,0.47078,6.9999,0.8,111776
p04_g003\p04_g003_0010.T.CW.mat,0.47078,6.9999,0.8,111693
p04_g003\p04_g003_0011.T.CW.mat,0.47078,6.9999,0.8,111884
p04_g003\p04_g003_0012.T.CW.mat,0.47078,6.9999,0.8,111618
p04_g003\p04_g003_0013.T.CW.mat,0.47078,6.9999,0.8,111825
p04_g003\p04_g003_0014.T.CW.mat,0.47078,6.9999,0.8,111759
p04_g003\p04_g003_0015.T.CW.mat,0.47078,6.9999,0.8,111877
p04_g003\p04_g003_0016.T.CW.mat,0.47078,6.9999,0.8,111745
p04_g003\p04_g003_0017.T.CW.mat,0.47078,6.9999,0.8,112151
p04_g003\p04_g003_0018.T.CW.mat,0.47078,6.9999,0.8,111888
p04_g003\p04_g003_0019.T.CW.mat,0.47078,6.9999,0.8,111854
p04_g003\p04_g003_0020.T.CW.mat,0.47078,6.9999,0.8,111881
p04_g003\p04_g003_0021.T.CW.mat,0.47078,6.9999,0.8,111764
p04_g003\p04_g003_0022.T.CW.mat,0.47078,6.9999,0.8,111922
p04_g003\p04_g003_0023.T.CW.mat,0.47078,6.9999,0.8,112055
p04_g003\p04_g003_0024.T.CW.mat,0.47078,6.9999,0.8,112124
p04_g003\p04_g003_0025.T.CW.mat,0.47078,6.9999,0.8,111763
p04_g003\p04_g003_0026.T.CW.mat,0.47078,6.9999,0.8,111742
p04_g003\p04_g003_0027.T.CW.mat,0.47078,6.9999,0.8,112265
p04_g003\p04_g003_0028.T.CW.mat,0.47078,6.9999,0.8,111741
p04_g003\p04_g003_0029.T.CW.mat,0.47078,6.9999,0.8,112033
p04_g003\p04_g003_0030.T.CW.mat,0.47078,6.9999,0.8,112064
p04_g004\p04_g004_0001.T.CW.mat,0.47078,6.9999,0.9,107631
p04_g004\p04_g004_0002.T.CW.mat,0.47078,6.9999,0.9,107300
p04_g004\p04_g004_0003.T.CW.mat,0.47078,6.9999,0.9,107278
p04_g004\p04_g004_0004.T.CW.mat,0.47078,6.9999,0.9,106826
p04_g004\p04_g004_0005.T.CW.mat,0.47078,6.9999,0.9,107350
p04_g004\p04_g004_0006.T.CW.mat,0.47078,6.9999,0.9,107064
p04_g004\p04_g004_0007.T.CW.mat,0.47078,6.9999,0.9,107450
p04_g004\p04_g004_0008.T.CW.mat,0.47078,6.9999,0.9,107323
p04_g004\p04_g004_0009.T.CW.mat,0.47078,6.9999,0.9,107209
p04_g004\p04_g004_0010.T.CW.mat,0.47078,6.9999,0.9,107374
p04_g004\p04_g004_0011.T.CW.mat,0.47078,6.9999,0.9,107255
p04_g004\p04_g004_0012.T.CW.mat,0.47078,6.9999,0.9,107217
p04_g004\p04_g004_0013.T.CW.mat,0.47078,6.9999,0.9,107091
p04_g004\p04_g004_0014.T.CW.mat,0.47078,6.9999,0.9,107312
p04_g004\p04_g004_0015.T.CW.mat,0.47078,6.9999,0.9,107250
p04_g004\p04_g004_0016.T.CW.mat,0.47078,6.9999,0.9,107324
p04_g004\p04_g004_0017.T.CW.mat,0.47078,6.9999,0.9,107285
p04_g004\p04_g004_0018.T.CW.mat,0.47078,6.9999,0.9,106921
p04_g004\p04_g004_0019.T.CW.mat,0.47078,6.9999,0.9,107651
p04_g004\p04_g004_0020.T.CW.mat,0.47078,6.9999,0.9,107296
p04_g004\p04_g004_0021.T.CW.mat,0.47078,6.9999,0.9,107268
p04_g004\p04_g004_0022.T.CW.mat,0.47078,6.9999,0.9,106982
p04_g004\p04_g004_0023.T.CW.mat,0.47078,6.9999,0.9,107246
p04_g004\p04_g004_0024.T.CW.mat,0.47078,6.9999,0.9,107431
p04_g004\p04_g004_0025.T.CW.mat,0.47078,6.9999,0.9,107626
p04_g004\p04_g004_0026.T.CW.mat,0.47078,6.9999,0.9,107274
p04_g004\p04_g004_0027.T.CW.mat,0.47078,6.9999,0.9,106825
p04_g004\p04_g004_0028.T.CW.mat,0.47078,6.9999,0.9,106876
p04_g004\p04_g004_0029.T.CW.mat,0.47078,6.9999,0.9,107007
p04_g004\p04_g004_0030.T.CW.mat,0.47078,6.9999,0.9,106903
p05_g001\p05_g001_0001.T.CW.mat,0.26296,36.81805,0.6,37234
p05_g001\p05_g001_0002.T.CW.mat,0.26296,36.81805,0.6,37174
p05_g001\p05_g001_0003.T.CW.mat,0.26296,36.81805,0.6,37239
p05_g001\p05_g001_0004.T.CW.mat,0.26296,36.81805,0.6,37282
p05_g001\p05_g001_0005.T.CW.mat,0.26296,36.81805,0.6,37212
p05_g001\p05_g001_0006.T.CW.mat,0.26296,36.81805,0.6,37242
p05_g001\p05_g001_0007.T.CW.mat,0.26296,36.81805,0.6,37213
p05_g001\p05_g001_0008.T.CW.mat,0.26296,36.81805,0.6,37227
p05_g001\p05_g001_0009.T.CW.mat,0.26296,36.81805,0.6,37409
p05_g001\p05_g001_0010.T.CW.mat,0.26296,36.81805,0.6,37270
p05_g001\p05_g001_0011.T.CW.mat,0.26296,36.81805,0.6,37324
p05_g001\p05_g001_0012.T.CW.mat,0.26296,36.81805,0.6,37293
p05_g001\p05_g001_0013.T.CW.mat,0.26296,36.81805,0.6,37250
p05_g001\p05_g001_0014.T.CW.mat,0.26296,36.81805,0.6,37340
p05_g001\p05_g001_0015.T.CW.mat,0.26296,36.81805,0.6,37321
p05_g001\p05_g001_0016.T.CW.mat,0.26296,36.81805,0.6,37198
p05_g001\p05_g001_0017.T.CW.mat,0.26296,36.81805,0.6,37078
p05_g001\p05_g001_0018.T.CW.mat,0.26296,36.81805,0.6,37226
p05_g001\p05_g001_0019.T.CW.mat,0.26296,36.81805,0.6,37399
p05_g001\p05_g001_0020.T.CW.mat,0.26296,36.81805,0.6,37220
p05_g001\p05_g001_0021.T.CW.mat,0.26296,36.81805,0.6,37338
p05_g001\p05_g001_0022.T.CW.mat,0.26296,36.81805,0.6,37233
p05_g001\p05_g001_0023.T.CW.mat,0.26296,36.81805,0.6,37086
p05_g001\p05_g001_0024.T.CW.mat,0.26296,36.81805,0.6,37255
p05_g001\p05_g001_0025.T.CW.mat,0.26296,36.81805,0.6,37275
p05_g001\p05_g001_0026.T.CW.mat,0.26296,36.81805,0.6,37377
p05_g001\p05_g001_0027.T.CW.mat,0.26296,36.81805,0.6,37125
p05_g001\p05_g001_0028.T.CW.mat,0.26296,36.81805,0.6,37207
p05_g001\p05_g001_0029.T.CW.mat,0.26296,36.81805,0.6,37361
p05_g001\p05_g001_0030.T.CW.mat,0.26296,36.81805,0.6,37428
p05_g002\p05_g002_0001.T.CW.mat,0.26296,36.81805,0.7,46783
p05_g002\p05_g002_0002.T.CW.mat,0.26296,36.81805,0.7,46544
p05_g002\p05_g002_0003.T.CW.mat,0.26296,36.81805,0.7,46831
p05_g002\p05_g002_0004.T.CW.mat,0.26296,36.81805,0.7,46761
p05_g002\p05_g002_0005.T.CW.mat,0.26296,36.81805,0.7,46688
p05_g002\p05_g002_0006.T.CW.mat,0.26296,36.81805,0.7,46630
p05_g002\p05_g002_0007.T.CW.mat,0.26296,36.81805,0.7,46713
p05_g002\p05_g002_0008.T.CW.mat,0.26296,36.81805,0.7,46743
p05_g002\p05_g002_0009.T.CW.mat,0.26296,36.81805,0.7,46655
p05_g002\p05_g002_0010.T.CW.mat,0.26296,36.81805,0.7,46596
p05_g002\p05_g002_0011.T.CW.mat,0.26296,36.81805,0.7,46922
p05_g002\p05_g002_0012.T.CW.mat,0.26296,36.81805,0.7,46940
p05_g002\p05_g002_0013.T.CW.mat,0.26296,36.81805,0.7,46658
p05_g002\p05_g002_0014.T.CW.mat,0.26296,36.81805,0.7,46760
p05_g002\p05_g002_0015.T.CW.mat,0.26296,36.81805,0.7,46765
p05_g002\p05_g002_0016.T.CW.mat,0.26296,36.81805,0.7,46850
p05_g002\p05_g002_0017.T.CW.mat,0.26296,36.81805,0.7,46694
p05_g002\p05_g002_0018.T.CW.mat,0.26296,36.81805,0.7,46937
p05_g002\p05_g002_0019.T.CW.mat,0.26296,36.81805,0.7,46622
p05_g002\p05_g002_0020.T.CW.mat,0.26296,36.81805,0.7,46730
p05_g002\p05_g002_0021.T.CW.mat,0.26296,36.81805,0.7,46894
p05_g002\p05_g002_0022.T.CW.mat,0.26296,36.81805,0.7,46747
p05_g002\p05_g002_0023.T.CW.mat,0.26296,36.81805,0.7,46746
p05_g002\p05_g002_0024.T.CW.mat,0.26296,36.81805,0.7,46749
p05_g002\p05_g002_0025.T.CW.mat,0.26296,36.81805,0.7,46937
p05_g002\p05_g002_0026.T.CW.mat,0.26296,36.81805,0.7,46540
p05_g002\p05_g002_0027.T.CW.mat,0.26296,36.81805,0.7,46932
p05_g002\p05_g002_0028.T.CW.mat,0.26296,36.81805,0.7,46477
p05_g002\p05_g002_0029.T.CW.mat,0.26296,36.81805,0.7,46531
p05_g002\p05_g002_0030.T.CW.mat,0.26296,36.81805,0.7,46735
p05_g003\p05_g003_0001.T.CW.mat,0.26296,36.81805,0.8,62651
p05_g003\p05_g003_0002.T.CW.mat,0.26296,36.81805,0.8,62470
p05_g003\p05_g003_0003.T.CW.mat,0.26296,36.81805,0.8,62814
p05_g003\p05_g003_0004.T.CW.mat,0.26296,36.81805,0.8,62689
p05_g003\p05_g003_0005.T.CW.mat,0.26296,36.81805,0.8,62720
p05_g003\p05_g003_0006.T.CW.mat,0.26296,36.81805,0.8,62735
p05_g003\p05_g003_0007.T.CW.mat,0.26296,36.81805,0.8,62374
p05_g003\p05_g003_0008.T.CW.mat,0.26296,36.81805,0.8,62775
p05_g003\p05_g003_0009.T.CW.mat,0.26296,36.81805,0.8,62559
p05_g003\p05_g003_0010.T.CW.mat,0.26296,36.81805,0.8,62643
p05_g003\p05_g003_0011.T.CW.mat,0.26296,36.81805,0.8,62743
p05_g003\p05_g003_0012.T.CW.mat,0.26296,36.81805,0.8,62494
p05_g003\p05_g003_0013.T.CW.mat,0.26296,36.81805,0.8,62561
p05_g003\p05_g003_0014.T.CW.mat,0.26296,36.81805,0.8,62773
p05_g003\p05_g003_0015.T.CW.mat,0.26296,36.81805,0.8,62594
p05_g003\p05_g003_0016.T.CW.mat,0.26296,36.81805,0.8,62453
p05_g003\p05_g003_0017.T.CW.mat,0.26296,36.81805,0.8,62671
p05_g003\p05_g003_0018.T.CW.mat,0.26296,36.81805,0.8,62734
p05_g003\p05_g003_0019.T.CW.mat,0.26296,36.81805,0.8,62496
p05_g003\p05_g003_0020.T.CW.mat,0.26296,36.81805,0.8,62580
p05_g003\p05_g003_0021.T.CW.mat,0.26296,36.81805,0.8,62528
p05_g003\p05_g003_0022.T.CW.mat,0.26296,36.81805,0.8,62500
p05_g003\p05_g003_0023.T.CW.mat,0.26296,36.81805,0.8,62261
p05_g003\p05_g003_0024.T.CW.mat,0.26296,36.81805,0.8,62790
p05_g003\p05_g003_0025.T.CW.mat,0.26296,36.81805,0.8,62413
p05_g003\p05_g003_0026.T.CW.mat,0.26296,36.81805,0.8,62665
p05_g003\p05_g003_0027.T.CW.mat,0.26296,36.81805,0.8,62499
p05_g003\p05_g003_0028.T.CW.mat,0.26296,36.81805,0.8,62462
p05_g003\p05_g003_0029.T.CW.mat,0.26296,36.81805,0.8,62477
p05_g003\p05_g003_0030.T.CW.mat,0.26296,36.81805,0.8,62741
p05_g004\p05_g004_0001.T.CW.mat,0.26296,36.81805,0.9,93051
p05_g004\p05_g004_0002.T.CW.mat,0.26296,36.81805,0.9,93051
p05_g004\p05_g004_0003.T.CW.mat,0.26296,36.81805,0.9,93162
p05_g004\p05_g004_0004.T.CW.mat,0.26296,36.81805,0.9,93117
p05_g004\p05_g004_0005.T.CW.mat,0.26296,36.81805,0.9,93218
p05_g004\p05_g004_0006.T.CW.mat,0.26296,36.81805,0.9,93014
p05_g004\p05_g004_0007.T.CW.mat,0.26296,36.81805,0.9,93084
p05_g004\p05_g004_0008.T.CW.mat,0.26296,36.81805,0.9,93143
p05_g004\p05_g004_0009.T.CW.mat,0.26296,36.81805,0.9,93163
p05_g004\p05_g004_0010.T.CW.mat,0.26296,36.81805,0.9,93105
p05_g004\p05_g004_0011.T.CW.mat,0.26296,36.81805,0.9,93092
p05_g004\p05_g004_0012.T.CW.mat,0.26296,36.81805,0.9,93080
p05_g004\p05_g004_0013.T.CW.mat,0.26296,36.81805,0.9,93281
p05_g004\p05_g004_0014.T.CW.mat,0.26296,36.81805,0.9,93222
p05_g004\p05_g004_0015.T.CW.mat,0.26296,36.81805,0.9,93322
p05_g004\p05_g004_0016.T.CW.mat,0.26296,36.81805,0.9,92822
p05_g004\p05_g004_0017.T.CW.mat,0.26296,36.81805,0.9,93124
p05_g004\p05_g004_0018.T.CW.mat,0.26296,36.81805,0.9,93139
p05_g004\p05_g004_0019.T.CW.mat,0.26296,36.81805,0.9,93294
p05_g004\p05_g004_0020.T.CW.mat,0.26296,36.81805,0.9,93036
p05_g004\p05_g004_0021.T.CW.mat,0.26296,36.81805,0.9,93093
p05_g004\p05_g004_0022.T.CW.mat,0.26296,36.81805,0.9,93281
p05_g004\p05_g004_0023.T.CW.mat,0.26296,36.81805,0.9,93112
p05_g004\p05_g004_0024.T.CW.mat,0.26296,36.81805,0.9,92973
p05_g004\p05_g004_0025.T.CW.mat,0.26296,36.81805,0.9,93068
p05_g004\p05_g004_0026.T.CW.mat,0.26296,36.81805,0.9,93216
p05_g004\p05_g004_0027.T.CW.mat,0.26296,36.81805,0.9,93150
p05_g004\p05_g004_0028.T.CW.mat,0.26296,36.81805,0.9,93311
p05_g004\p05_g004_0029.T.CW.mat,0.26296,36.81805,0.9,93329
p05_g004\p05_g004_0030.T.CW.mat,0.26296,36.81805,0.9,93079
p06_g001\p06_g001_0001.T.CW.mat,0.08811,16.84647,0.6,72439
p06_g001\p06_g001_0002.T.CW.mat,0.08811,16.84647,0.6,72318
p06_g001\p06_g001_0003.T.CW.mat,0.08811,16.84647,0.6,72400
p06_g001\p06_g001_0004.T.CW.mat,0.08811,16.84647,0.6,72364
p06_g001\p06_g001_0005.T.CW.mat,0.08811,16.84647,0.6,72239
p06_g001\p06_g001_0006.T.CW.mat,0.08811,16.84647,0.6,72275
p06_g001\p06_g001_0007.T.CW.mat,0.08811,16.84647,0.6,72635
p06_g001\p06_g001_0008.T.CW.mat,0.08811,16.84647,0.6,72239
p06_g001\p06_g001_0009.T.CW.mat,0.08811,16.84647,0.6,72449
p06_g001\p06_g001_0010.T.CW.mat,0.08811,16.84647,0.6,72641
p06_g001\p06_g001_0011.T.CW.mat,0.08811,16.84647,0.6,72527
p06_g001\p06_g001_0012.T.CW.mat,0.08811,16.84647,0.6,72349
p06_g001\p06_g001_0013.T.CW.mat,0.08811,16.84647,0.6,72460
p06_g001\p06_g001_0014.T.CW.mat,0.08811,16.84647,0.6,72562
p06_g001\p06_g001_0015.T.CW.mat,0.08811,16.84647,0.6,72298
p06_g001\p06_g001_0016.T.CW.mat,0.08811,16.84647,0.6,72147
p06_g001\p06_g001_0017.T.CW.mat,0.08811,16.84647,0.6,72355
p06_g001\p06_g001_0018.T.CW.mat,0.08811,16.84647,0.6,72690
p06_g001\p06_g001_0019.T.CW.mat,0.08811,16.84647,0.6,72546
p06_g001\p06_g001_0020.T.CW.mat,0.08811,16.84647,0.6,72290
p06_g001\p06_g001_0021.T.CW.mat,0.08811,16.84647,0.6,72402
p06_g001\p06_g001_0022.T.CW.mat,0.08811,16.84647,0.6,72344
p06_g001\p06_g001_0023.T.CW.mat,0.08811,16.84647,0.6,72557
p06_g001\p06_g001_0024.T.CW.mat,0.08811,16.84647,0.6,72388
p06_g001\p06_g001_0025.T.CW.mat,0.08811,16.84647,0.6,72365
p06_g001\p06_g001_0026.T.CW.mat,0.08811,16.84647,0.6,72421
p06_g001\p06_g001_0027.T.CW.mat,0.08811,16.84647,0.6,72481
p06_g001\p06_g001_0028.T.CW.mat,0.08811,16.84647,0.6,72356
p06_g001\p06_g001_0029.T.CW.mat,0.08811,16.84647,0.6,72374
p06_g001\p06_g001_0030.T.CW.mat,0.08811,16.84647,0.6,72149
p06_g002\p06_g002_0001.T.CW.mat,0.08811,16.84647,0.7,82677
p06_g002\p06_g002_0002.T.CW.mat,0.08811,16.84647,0.7,82771
p06_g002\p06_g002_0003.T.CW.mat,0.08811,16.84647,0.7,83090
p06_g002\p06_g002_0004.T.CW.mat,0.08811,16.84647,0.7,83009
p06_g002\p06_g002_0005.T.CW.mat,0.08811,16.84647,0.7,82917
p06_g002\p06_g002_0006.T.CW.mat,0.08811,16.84647,0.7,82790
p06_g002\p06_g002_0007.T.CW.mat,0.08811,16.84647,0.7,82933
p06_g002\p06_g002_0008.T.CW.mat,0.08811,16.84647,0.7,82530
p06_g002\p06_g002_0009.T.CW.mat,0.08811,16.84647,0.7,82927
p06_g002\p06_g002_0010.T.CW.mat,0.08811,16.84647,0.7,82954
p06_g002\p06_g002_0011.T.CW.mat,0.08811,16.84647,0.7,83020
p06_g002\p06_g002_0012.T.CW.mat,0.08811,16.84647,0.7,83043
p06_g002\p06_g002_0013.T.CW.mat,0.08811,16.84647,0.7,83028
p06_g002\p06_g002_0014.T.CW.mat,0.08811,16.84647,0.7,82865
p06_g002\p06_g002_0015.T.CW.mat,0.08811,16.84647,0.7,82942
p06_g002\p06_g002_0016.T.CW.mat,0.08811,16.84647,0.7,82803
p06_g002\p06_g002_0017.T.CW.mat,0.08811,16.84647,0.7,83016
p06_g002\p06_g002_0018.T.CW.mat,0.08811,16.84647,0.7,82743
p06_g002\p06_g002_0019.T.CW.mat,0.08811,16.84647,0.7,82795
p06_g002\p06_g002_0020.T.CW.mat,0.08811,16.84647,0.7,83236
p06_g002\p06_g002_0021.T.CW.mat,0.08811,16.84647,0.7,83249
p06_g002\p06_g002_0022.T.CW.mat,0.08811,16.84647,0.7,82890
p06_g002\p06_g002_0023.T.CW.mat,0.08811,16.84647,0.7,82909
p06_g002\p06_g002_0024.T.CW.mat,0.08811,16.84647,0.7,82930
p06_g002\p06_g002_0025.T.CW.mat,0.08811,16.84647,0.7,82779
p06_g002\p06_g002_0026.T.CW.mat,0.08811,16.84647,0.7,82853
p06_g002\p06_g002_0027.T.CW.mat,0.08811,16.84647,0.7,83024
p06_g002\p06_g002_0028.T.CW.mat,0.08811,16.84647,0.7,82674
p06_g002\p06_g002_0029.T.CW.mat,0.08811,16.84647,0.7,82991
p06_g002\p06_g002_0030.T.CW.mat,0.08811,16.84647,0.7,82953
p06_g003\p06_g003_0001.T.CW.mat,0.08811,16.84647,0.8,98967
p06_g003\p06_g003_0002.T.CW.mat,0.08811,16.84647,0.8,98610
p06_g003\p06_g003_0003.T.CW.mat,0.08811,16.84647,0.8,98570
p06_g003\p06_g003_0004.T.CW.mat,0.08811,16.84647,0.8,98848
p06_g003\p06_g003_0005.T.CW.mat,0.08811,16.84647,0.8,98607
p06_g003\p06_g003_0006.T.CW.mat,0.08811,16.84647,0.8,98417
p06_g003\p06_g003_0007.T.CW.mat,0.08811,16.84647,0.8,98956
p06_g003\p06_g003_0008.T.CW.mat,0.08811,16.84647,0.8,98435
p06_g003\p06_g003_0009.T.CW.mat,0.08811,16.84647,0.8,98665
p06_g003\p06_g003_0010.T.CW.mat,0.08811,16.84647,0.8,98966
p06_g003\p06_g003_0011.T.CW.mat,0.08811,16.84647,0.8,98593
p06_g003\p06_g003_0012.T.CW.mat,0.08811,16.84647,0.8,98568
p06_g003\p06_g003_0013.T.CW.mat,0.08811,16.84647,0.8,99267
p06_g003\p06_g003_0014.T.CW.mat,0.08811,16.84647,0.8,98752
p06_g003\p06_g003_0015.T.CW.mat,0.08811,16.84647,0.8,99009
p06_g003\p06_g003_0016.T.CW.mat,0.08811,16.84647,0.8,98631
p06_g003\p06_g003_0017.T.CW.mat,0.08811,16.84647,0.8,98946
p06_g003\p06_g003_0018.T.CW.mat,0.08811,16.84647,0.8,98670
p06_g003\p06_g003_0019.T.CW.mat,0.08811,16.84647,0.8,98883
p06_g003\p06_g003_0020.T.CW.mat,0.08811,16.84647,0.8,98507
p06_g003\p06_g003_0021.T.CW.mat,0.08811,16.84647,0.8,98938
p06_g003\p06_g003_0022.T.CW.mat,0.08811,16.84647,0.8,98573
p06_g003\p06_g003_0023.T.CW.mat,0.08811,16.84647,0.8,98756
p06_g003\p06_g003_0024.T.CW.mat,0.08811,16.84647,0.8,98895
p06_g003\p06_g003_0025.T.CW.mat,0.08811,16.84647,0.8,99177
p06_g003\p06_g003_0026.T.CW.mat,0.08811,16.84647,0.8,98937
p06_g003\p06_g003_0027.T.CW.mat,0.08811,16.84647,0.8,98756
p06_g003\p06_g003_0028.T.CW.mat,0.08811,16.84647,0.8,98787
p06_g003\p06_g003_0029.T.CW.mat,0.08811,16.84647,0.8,99130
p06_g003\p06_g003_0030.T.CW.mat,0.08811,16.84647,0.8,98857
p06_g004\p06_g004_0001.T.CW.mat,0.08811,16.84647,0.9,121481
p06_g004\p06_g004_0002.T.CW.mat,0.08811,16.84647,0.9,121522
p06_g004\p06_g004_0003.T.CW.mat,0.08811,16.84647,0.9,121562
p06_g004\p06_g004_0004.T.CW.mat,0.08811,16.84647,0.9,121484
p06_g004\p06_g004_0005.T.CW.mat,0.08811,16.84647,0.9,121283
p06_g004\p06_g004_0006.T.CW.mat,0.08811,16.84647,0.9,121706
p06_g004\p06_g004_0007.T.CW.mat,0.08811,16.84647,0.9,121345
p06_g004\p06_g004_0008.T.CW.mat,0.08811,16.84647,0.9,121941
p06_g004\p06_g004_0009.T.CW.mat,0.08811,16.84647,0.9,121452
p06_g004\p06_g004_0010.T.CW.mat,0.08811,16.84647,0.9,121503
p06_g004\p06_g004_0011.T.CW.mat,0.08811,16.84647,0.9,121595
p06_g004\p06_g004_0012.T.CW.mat,0.08811,16.84647,0.9,121448
p06_g004\p06_g004_0013.T.CW.mat,0.08811,16.84647,0.9,121383
p06_g004\p06_g004_0014.T.CW.mat,0.08811,16.84647,0.9,121359
p06_g004\p06_g004_0015.T.CW.mat,0.08811,16.84647,0.9,121454
p06_g004\p06_g004_0016.T.CW.mat,0.08811,16.84647,0.9,121388
p06_g004\p06_g004_0017.T.CW.mat,0.08811,16.84647,0.9,121269
p06_g004\p06_g004_0018.T.CW.mat,0.08811,16.84647,0.9,121793
p06_g004\p06_g004_0019.T.CW.mat,0.08811,16.84647,0.9,121571
p06_g004\p06_g004_0020.T.CW.mat,0.08811,16.84647,0.9,121386
p06_g004\p06_g004_0021.T.CW.mat,0.08811,16.84647,0.9,121628
p06_g004\p06_g004_0022.T.CW.mat,0.08811,16.84647,0.9,121560
p06_g004\p06_g004_0023.T.CW.mat,0.08811,16.84647,0.9,121584
p06_g004\p06_g004_0024.T.CW.mat,0.08811,16.84647,0.9,121340
p06_g004\p06_g004_0025.T.CW.mat,0.08811,16.84647,0.9,121169
p06_g004\p06_g004_0026.T.CW.mat,0.08811,16.84647,0.9,121288
p06_g004\p06_g004_0027.T.CW.mat,0.08811,16.84647,0.9,121724
p06_g004\p06_g004_0028.T.CW.mat,0.08811,16.84647,0.9,121771
p06_g004\p06_g004_0029.T.CW.mat,0.08811,16.84647,0.9,121363
p06_g004\p06_g004_0030.T.CW.mat,0.08811,16.84647,0.9,121691
